{"cameraMode":{"drawMode":0,"name":"Shaded","section":"Shading Mode"},"sceneLighting":true,"audioPlay":false,"sceneViewState":{"showFog":true,"showMaterialUpdate":false,"showSkybox":true,"showFlares":true,"showImageEffects":true,"showParticleSystems":true},"in2DMode":false,"pivot":{"x":0.38079583644866946,"y":1.633182406425476,"z":0.4235689342021942},"rotation":{"x":-0.08051347732543946,"y":-0.5011020302772522,"z":0.04689368978142738,"w":-0.8603585362434387},"size":13.319034576416016,"orthographic":false}