{"cameraMode":{"drawMode":0,"name":"Shaded","section":"Shading Mode"},"sceneLighting":false,"audioPlay":false,"sceneViewState":{"showFog":true,"showMaterialUpdate":false,"showSkybox":false,"showFlares":true,"showImageEffects":true,"showParticleSystems":true},"in2DMode":false,"pivot":{"x":0.028206631541252137,"y":2.311476707458496,"z":0.1445312649011612},"rotation":{"x":-0.08867135643959046,"y":-0.02275196835398674,"z":0.0021283836103975775,"w":-0.9958509802818298},"size":2.4247448444366457,"orthographic":false}