{"cameraMode":{"drawMode":0,"name":"Shaded","section":"Shading Mode"},"sceneLighting":false,"audioPlay":false,"sceneViewState":{"showFog":true,"showMaterialUpdate":false,"showSkybox":false,"showFlares":true,"showImageEffects":true,"showParticleSystems":true},"in2DMode":false,"pivot":{"x":0.7934954166412354,"y":1.8884055614471436,"z":-0.18159043788909913},"rotation":{"x":-0.060237444937229159,"y":0.03707967698574066,"z":-0.002147689461708069,"w":-0.997546374797821},"size":1.7870948314666749,"orthographic":true}